objectPath,objectName,objectType,id
/Explore,SCD All Types,Project,8pdzZ9kybaalOPTb9aXSYo
/Explore/SCD All Types,SCD Type 2 post-SQL for deleted from the source flag,MTT,6Heh24gjuungIjNhMxa10n
/SYS,Oracle_ Target,Connection,8mjxMCZJlo6iyLqONOLpYd
/Explore/SCD All Types,SCD_T3,DTEMPLATE,33my9yetKEVl2x4xBYqq6S
/SYS,OTS-khairy,AgentGroup,0Yf8J9AbkQRcE7YPuYj9aR
/Explore/SCD All Types,SCD Type 2 post-SQL for deleted from the source flag,DTEMPLATE,1iAUvY6wUgvfWP1GphiamM
/Explore/SCD All Types,MT_SCD_T3,MTT,1QVQUGGhsqYcNs3JIIcq4D
/Explore/SCD All Types,SCD Type 2 with deleted from the source flag,MTT,9jdg4Q79kqRfB0uskP5vGN
/Explore/SCD All Types,SCD_Type1_MD5,DTEMPLATE,9RibjgZBa7fkfLcXq7G2OF
/SYS,Oracle_Source,Connection,btcqaUBXFWGjOHdBM5OX02
/Explore/SCD All Types,SCD Type 2 with deleted from the source flag,DTEMPLATE,9WryzMuGBB6koymbnCIWQS