{
  "name" : "SCD All Types-1697715255820",
  "sourceOrgId" : "4kw09HSmldPkIHzsUj8Q4r",
  "sourceOrgName" : "ITI",
  "exportedObjects" : [ {
    "objectGuid" : "8pdzZ9kybaalOPTb9aXSYo",
    "objectName" : "SCD All Types",
    "objectType" : "Project",
    "path" : "/Explore",
    "metadata" : {
      "modelVersion" : {
        "major" : 0,
        "minor" : 0
      },
      "repoInfo" : null,
      "objectRefs" : [ ],
      "contextAttributes" : [ ],
      "additionalInfo" : {
        "description" : "",
        "contentType" : "Binary",
        "documentState" : "COMPLETE"
      }
    }
  }, {
    "objectGuid" : "6Heh24gjuungIjNhMxa10n",
    "objectName" : "SCD Type 2 post-SQL for deleted from the source flag",
    "objectType" : "MTT",
    "path" : "/Explore/SCD All Types",
    "metadata" : {
      "modelVersion" : {
        "major" : 0,
        "minor" : 0
      },
      "repoInfo" : {
        "repoHandle" : "01COYJ0Z000000000004"
      },
      "objectRefs" : [ "1iAUvY6wUgvfWP1GphiamM", "8mjxMCZJlo6iyLqONOLpYd", "btcqaUBXFWGjOHdBM5OX02", "0Yf8J9AbkQRcE7YPuYj9aR" ],
      "contextAttributes" : [ {
        "name" : "id",
        "value" : "@1"
      } ],
      "additionalInfo" : {
        "description" : "SCD Type 2 With Marked Deleted Source System Rows",
        "contentType" : "JSON",
        "documentState" : "VALID"
      }
    }
  }, {
    "objectGuid" : "8mjxMCZJlo6iyLqONOLpYd",
    "objectName" : "Oracle_ Target",
    "objectType" : "Connection",
    "path" : "/SYS",
    "metadata" : {
      "modelVersion" : {
        "major" : 0,
        "minor" : 0
      },
      "repoInfo" : {
        "repoHandle" : "01COYJ0B000000000003"
      },
      "objectRefs" : [ "0Yf8J9AbkQRcE7YPuYj9aR" ],
      "contextAttributes" : [ {
        "name" : "id",
        "value" : "@1"
      } ],
      "additionalInfo" : {
        "description" : null,
        "contentType" : "JSON",
        "documentState" : "COMPLETE"
      }
    }
  }, {
    "objectGuid" : "33my9yetKEVl2x4xBYqq6S",
    "objectName" : "SCD_T3",
    "objectType" : "DTEMPLATE",
    "path" : "/Explore/SCD All Types",
    "metadata" : {
      "modelVersion" : {
        "major" : 0,
        "minor" : 0
      },
      "repoInfo" : {
        "repoHandle" : "01COYJ17000000000002"
      },
      "objectRefs" : [ "8mjxMCZJlo6iyLqONOLpYd", "btcqaUBXFWGjOHdBM5OX02" ],
      "contextAttributes" : [ {
        "name" : "id",
        "value" : "@1"
      } ],
      "additionalInfo" : {
        "description" : "",
        "contentType" : "JSON",
        "documentState" : "VALID"
      }
    }
  }, {
    "objectGuid" : "0Yf8J9AbkQRcE7YPuYj9aR",
    "objectName" : "OTS-khairy",
    "objectType" : "AgentGroup",
    "path" : "/SYS",
    "metadata" : {
      "modelVersion" : {
        "major" : 0,
        "minor" : 0
      },
      "repoInfo" : {
        "repoHandle" : "01COYJ25000000000002"
      },
      "objectRefs" : [ ],
      "contextAttributes" : [ {
        "name" : "id",
        "value" : "@1"
      } ],
      "additionalInfo" : {
        "description" : null,
        "contentType" : "JSON",
        "documentState" : "VALID"
      }
    }
  }, {
    "objectGuid" : "1iAUvY6wUgvfWP1GphiamM",
    "objectName" : "SCD Type 2 post-SQL for deleted from the source flag",
    "objectType" : "DTEMPLATE",
    "path" : "/Explore/SCD All Types",
    "metadata" : {
      "modelVersion" : {
        "major" : 0,
        "minor" : 0
      },
      "repoInfo" : {
        "repoHandle" : "01COYJ17000000000005"
      },
      "objectRefs" : [ "8mjxMCZJlo6iyLqONOLpYd", "btcqaUBXFWGjOHdBM5OX02" ],
      "contextAttributes" : [ {
        "name" : "id",
        "value" : "@1"
      } ],
      "additionalInfo" : {
        "description" : "apply SCD Type 2 on attribute quantity and discount\n\nand flag (DELETED_FORM_SRC)  \nthat indicates if the row deleted from the source or no\n\nif Flag = Y that indicates that the row was deleted from the source \nif Flag = N that indicates that the row is in the source \n\nthere is a post-SQL script in the target Insert new data that apply this scenario ",
        "contentType" : "JSON",
        "documentState" : "VALID"
      }
    }
  }, {
    "objectGuid" : "1QVQUGGhsqYcNs3JIIcq4D",
    "objectName" : "MT_SCD_T3",
    "objectType" : "MTT",
    "path" : "/Explore/SCD All Types",
    "metadata" : {
      "modelVersion" : {
        "major" : 0,
        "minor" : 0
      },
      "repoInfo" : {
        "repoHandle" : "01COYJ0Z000000000003"
      },
      "objectRefs" : [ "8mjxMCZJlo6iyLqONOLpYd", "33my9yetKEVl2x4xBYqq6S", "btcqaUBXFWGjOHdBM5OX02", "0Yf8J9AbkQRcE7YPuYj9aR" ],
      "contextAttributes" : [ {
        "name" : "id",
        "value" : "@1"
      } ],
      "additionalInfo" : {
        "description" : "",
        "contentType" : "JSON",
        "documentState" : "VALID"
      }
    }
  }, {
    "objectGuid" : "9jdg4Q79kqRfB0uskP5vGN",
    "objectName" : "SCD Type 2 with deleted from the source flag",
    "objectType" : "MTT",
    "path" : "/Explore/SCD All Types",
    "metadata" : {
      "modelVersion" : {
        "major" : 0,
        "minor" : 0
      },
      "repoInfo" : {
        "repoHandle" : "01COYJ0Z000000000002"
      },
      "objectRefs" : [ "8mjxMCZJlo6iyLqONOLpYd", "btcqaUBXFWGjOHdBM5OX02", "9WryzMuGBB6koymbnCIWQS", "0Yf8J9AbkQRcE7YPuYj9aR" ],
      "contextAttributes" : [ {
        "name" : "id",
        "value" : "@1"
      } ],
      "additionalInfo" : {
        "description" : "apply SCD Type 2 on attribute quantity and discount\r\n\r\nand flag (DELETED_FORM_SRC)  \r\nthat indicates if the row deleted from the source or no\r\n\r\nif Flag = Y that indicates that the row was deleted from the source \r\nif Flag = N that indicates that the row is in the source \r\n",
        "contentType" : "JSON",
        "documentState" : "VALID"
      }
    }
  }, {
    "objectGuid" : "9RibjgZBa7fkfLcXq7G2OF",
    "objectName" : "SCD_Type1_MD5",
    "objectType" : "DTEMPLATE",
    "path" : "/Explore/SCD All Types",
    "metadata" : {
      "modelVersion" : {
        "major" : 0,
        "minor" : 0
      },
      "repoInfo" : {
        "repoHandle" : "01COYJ17000000000003"
      },
      "objectRefs" : [ "8mjxMCZJlo6iyLqONOLpYd", "btcqaUBXFWGjOHdBM5OX02" ],
      "contextAttributes" : [ {
        "name" : "id",
        "value" : "@1"
      } ],
      "additionalInfo" : {
        "description" : "apply SCD Type1  using MD5 ",
        "contentType" : "JSON",
        "documentState" : "VALID"
      }
    }
  }, {
    "objectGuid" : "btcqaUBXFWGjOHdBM5OX02",
    "objectName" : "Oracle_Source",
    "objectType" : "Connection",
    "path" : "/SYS",
    "metadata" : {
      "modelVersion" : {
        "major" : 0,
        "minor" : 0
      },
      "repoInfo" : {
        "repoHandle" : "01COYJ0B000000000002"
      },
      "objectRefs" : [ "0Yf8J9AbkQRcE7YPuYj9aR" ],
      "contextAttributes" : [ {
        "name" : "id",
        "value" : "@1"
      } ],
      "additionalInfo" : {
        "description" : null,
        "contentType" : "JSON",
        "documentState" : "COMPLETE"
      }
    }
  }, {
    "objectGuid" : "9WryzMuGBB6koymbnCIWQS",
    "objectName" : "SCD Type 2 with deleted from the source flag",
    "objectType" : "DTEMPLATE",
    "path" : "/Explore/SCD All Types",
    "metadata" : {
      "modelVersion" : {
        "major" : 0,
        "minor" : 0
      },
      "repoInfo" : {
        "repoHandle" : "01COYJ17000000000004"
      },
      "objectRefs" : [ "8mjxMCZJlo6iyLqONOLpYd", "btcqaUBXFWGjOHdBM5OX02" ],
      "contextAttributes" : [ {
        "name" : "id",
        "value" : "@1"
      } ],
      "additionalInfo" : {
        "description" : "apply SCD Type 2 on attribute quantity and discount using joiner transformation instead of lookup\n\nand flag (DELETED_FORM_SRC)  \nthat indicates if the row deleted from the source or no\n\nif Flag = Y that indicates that the row was deleted from the source \nif Flag = N that indicates that the row is in the source \n",
        "contentType" : "JSON",
        "documentState" : "VALID"
      }
    }
  } ]
}