{
  "name" : "Hijri Dates API-1697715270289",
  "sourceOrgId" : "4kw09HSmldPkIHzsUj8Q4r",
  "sourceOrgName" : "ITI",
  "exportedObjects" : [ {
    "objectGuid" : "7MPX9vNjMDQcsttWRhduIH",
    "objectName" : "Hijri Dates API",
    "objectType" : "Project",
    "path" : "/Explore",
    "metadata" : {
      "modelVersion" : {
        "major" : 0,
        "minor" : 0
      },
      "repoInfo" : null,
      "objectRefs" : [ ],
      "contextAttributes" : [ ],
      "additionalInfo" : {
        "description" : "",
        "contentType" : "Binary",
        "documentState" : "COMPLETE"
      }
    }
  }, {
    "objectGuid" : "5R1U5nOmJuscCtCcnTjRab",
    "objectName" : "Connection_Hijri_API",
    "objectType" : "Connection",
    "path" : "/SYS",
    "metadata" : {
      "modelVersion" : {
        "major" : 0,
        "minor" : 0
      },
      "repoInfo" : {
        "repoHandle" : "01COYJ0B00000000000B"
      },
      "objectRefs" : [ "0Yf8J9AbkQRcE7YPuYj9aR" ],
      "contextAttributes" : [ {
        "name" : "id",
        "value" : "@1"
      } ],
      "additionalInfo" : {
        "description" : null,
        "contentType" : "JSON",
        "documentState" : "COMPLETE"
      }
    }
  }, {
    "objectGuid" : "8mjxMCZJlo6iyLqONOLpYd",
    "objectName" : "Oracle_ Target",
    "objectType" : "Connection",
    "path" : "/SYS",
    "metadata" : {
      "modelVersion" : {
        "major" : 0,
        "minor" : 0
      },
      "repoInfo" : {
        "repoHandle" : "01COYJ0B000000000003"
      },
      "objectRefs" : [ "0Yf8J9AbkQRcE7YPuYj9aR" ],
      "contextAttributes" : [ {
        "name" : "id",
        "value" : "@1"
      } ],
      "additionalInfo" : {
        "description" : null,
        "contentType" : "JSON",
        "documentState" : "COMPLETE"
      }
    }
  }, {
    "objectGuid" : "1RYZv6I2yrFhhoUqvFHnc8",
    "objectName" : "BS_Date_API",
    "objectType" : "BSERVICE",
    "path" : "/Explore/Hijri Dates API",
    "metadata" : {
      "modelVersion" : {
        "major" : 0,
        "minor" : 0
      },
      "repoInfo" : {
        "repoHandle" : "01COYJ27000000000004"
      },
      "objectRefs" : [ "5R1U5nOmJuscCtCcnTjRab" ],
      "contextAttributes" : [ {
        "name" : "id",
        "value" : "@1"
      }, {
        "name" : "01COYJ28000000000004",
        "value" : "1RYZv6I2yrFhhoUqvFHnc8@test3"
      } ],
      "additionalInfo" : {
        "description" : "",
        "contentType" : "JSON",
        "documentState" : "VALID"
      }
    }
  }, {
    "objectGuid" : "bD8AdGOqTosfhFhEM62TIX",
    "objectName" : "Hijri Dates API",
    "objectType" : "DTEMPLATE",
    "path" : "/Explore/Hijri Dates API",
    "metadata" : {
      "modelVersion" : {
        "major" : 0,
        "minor" : 0
      },
      "repoInfo" : {
        "repoHandle" : "01COYJ1700000000000B"
      },
      "objectRefs" : [ "8mjxMCZJlo6iyLqONOLpYd", "1RYZv6I2yrFhhoUqvFHnc8" ],
      "contextAttributes" : [ {
        "name" : "id",
        "value" : "@1"
      } ],
      "additionalInfo" : {
        "description" : "",
        "contentType" : "JSON",
        "documentState" : "VALID"
      }
    }
  }, {
    "objectGuid" : "0Yf8J9AbkQRcE7YPuYj9aR",
    "objectName" : "OTS-khairy",
    "objectType" : "AgentGroup",
    "path" : "/SYS",
    "metadata" : {
      "modelVersion" : {
        "major" : 0,
        "minor" : 0
      },
      "repoInfo" : {
        "repoHandle" : "01COYJ25000000000002"
      },
      "objectRefs" : [ ],
      "contextAttributes" : [ {
        "name" : "id",
        "value" : "@1"
      } ],
      "additionalInfo" : {
        "description" : null,
        "contentType" : "JSON",
        "documentState" : "VALID"
      }
    }
  } ]
}